{
  "som_size": 9,
  "learning_rate": 0.34210883442023643,
  "sigma": 2.5801207046834325,
  "score": 0.6683648908451051
}