{
  "optimization": {
    "best_params": {
      "som_size": 9,
      "learning_rate": 0.34210883442023643,
      "sigma": 2.5801207046834325,
      "score": 0.6683648908451051
    },
    "timestamp": "2025-06-12 16:17:33"
  },
  "validation": {
    "success_rate": 94.23825246816696,
    "load_balance_score": 0.9646896161463843,
    "neuron_usage_rate": 45.67901234567901
  },
  "recommendation": {
    "som_size": 9,
    "learning_rate": 0.34210883442023643,
    "sigma": 2.5801207046834325
  }
}