{
  "n_evaluations": 20,
  "best_score": 0.6683648908451051,
  "score_improvement": 0.038716819268246216,
  "convergence_iteration": 10
}